2024-06-20 07:51,9584.26,9116.26, Dodaj do koszyka 
2024-06-20 08:12,9567.76,9100.32, Dodaj do koszyka 
2024-06-20 10:02,9578.35,9110.37, Dodaj do koszyka 
2024-06-20 10:13,9578.35,9110.37, Dodaj do koszyka 
2024-06-20 10:14,9578.35,9110.37, Dodaj do koszyka 
2024-06-20 12:19,9585.44,9117.22, Dodaj do koszyka 
2024-06-20 17:09,9690.20,9217.59, Dodaj do koszyka 
2024-06-20 22:09,9706.51,9233.22, Dodaj do koszyka 
2024-06-21 12:18,9736.31,9261.82, Dodaj do koszyka 
2024-06-21 17:11,9558.18,9090.69, Dodaj do koszyka 
2024-06-21 22:10,9554.64,9087.32, Dodaj do koszyka 
2024-06-22 12:17,9554.64,9087.32, Dodaj do koszyka 
2024-06-22 17:08,9554.64,9087.32, Dodaj do koszyka 
2024-06-22 22:09,9554.64,9087.32, Dodaj do koszyka 
2024-06-23 12:18,9554.64,9087.32, Dodaj do koszyka 
2024-06-23 17:08,9554.64,9087.32, Dodaj do koszyka 
2024-06-23 22:09,9561.56,9093.87, Dodaj do koszyka 
2024-06-24 12:20,9481.14,9017.56, Dodaj do koszyka 
2024-06-24 17:09,9494.58,9030.57, Dodaj do koszyka 
2024-06-24 22:11,9498.20,9034.09, Dodaj do koszyka 
2024-06-25 12:19,9505.46,9040.81, Dodaj do koszyka 
2024-06-25 17:10,9468.68,9005.39, Dodaj do koszyka 
2024-06-25 22:09,9471.65,9008.31, Dodaj do koszyka 
2024-06-26 12:20,9491.15,9026.70, Dodaj do koszyka 
2024-06-26 17:09,9451.26,8988.16, Dodaj do koszyka 
2024-06-26 22:10,9452.16,8988.94, Dodaj do koszyka 
2024-06-27 12:19,9522.40,9056.55, Dodaj do koszyka 
2024-06-27 17:11,9531.38,9065.30, Dodaj do koszyka 
2024-06-27 22:10,9540.93,9074.48, Dodaj do koszyka 
2024-06-28 12:19,9556.14,9089.22, Dodaj do koszyka 
2024-06-28 17:10,9539.31,9073.14, Dodaj do koszyka 
2024-06-28 22:09,9524.18,9058.50, Dodaj do koszyka 
2024-06-29 12:19,9524.18,9058.50, Dodaj do koszyka 
2024-06-29 17:09,9524.18,9058.50, Dodaj do koszyka 
2024-06-29 22:11,9524.18,9058.50, Dodaj do koszyka 
2024-06-30 12:18,9524.18,9058.50, Dodaj do koszyka 
2024-06-30 17:09,9524.18,9058.50, Dodaj do koszyka 
2024-06-30 22:09,9516.57,9051.15, Dodaj do koszyka 
2024-07-01 12:21,9505.43,9041.02, Dodaj do koszyka 
2024-07-01 17:10,9526.31,9060.59, Dodaj do koszyka 
2024-07-01 22:11,9539.92,9073.71, Dodaj do koszyka 
2024-07-02 12:19,9516.86,9051.34, Dodaj do koszyka 
2024-07-02 17:10,9492.16,9027.93, Dodaj do koszyka 
2024-07-02 22:10,9508.24,9043.51, Dodaj do koszyka 
2024-07-03 12:20,9544.24,9078.37, Dodaj do koszyka 
2024-07-03 17:10,9538.56,9073.31, Dodaj do koszyka 
2024-07-03 22:10,9562.10,9095.77, Dodaj do koszyka 
2024-07-04 12:19,9536.22,9071.23, Dodaj do koszyka 
2024-07-04 17:10,9497.60,9034.43, Dodaj do koszyka 
2024-07-04 22:10,9501.49,9038.11, Dodaj do koszyka 
2024-07-05 12:19,9515.07,9051.40, Dodaj do koszyka 
2024-07-05 17:10,9606.67,9139.29, Dodaj do koszyka 
2024-07-05 22:11,9609.40,9142.00, Dodaj do koszyka 
2024-07-06 12:17,9609.40,9142.00, Dodaj do koszyka 
2024-07-06 17:08,9609.40,9142.00, Dodaj do koszyka 
2024-07-06 22:10,9609.40,9142.00, Dodaj do koszyka 
2024-07-07 12:18,9609.40,9142.00, Dodaj do koszyka 
2024-07-07 17:10,9609.40,9142.00, Dodaj do koszyka 
2024-07-07 22:10,9633.70,9165.08, Dodaj do koszyka 
2024-07-08 12:20,9535.88,9071.55, Dodaj do koszyka 
2024-07-08 17:09,9445.10,8984.50, Dodaj do koszyka 
2024-07-08 22:11,9465.30,9003.76, Dodaj do koszyka 
2024-07-09 12:21,9465.16,9003.66, Dodaj do koszyka 
2024-07-09 17:11,9444.30,8983.73, Dodaj do koszyka 
2024-07-09 22:11,9470.11,9008.51, Dodaj do koszyka 
2024-07-10 12:20,9509.92,9046.91, Dodaj do koszyka 
2024-07-10 17:09,9518.69,9055.26, Dodaj do koszyka 
2024-07-10 22:10,9499.26,9036.55, Dodaj do koszyka 
2024-07-11 12:20,9492.40,9030.38, Dodaj do koszyka 
2024-07-11 17:10,9621.68,9154.52, Dodaj do koszyka 
2024-07-11 22:10,9632.81,9165.16, Dodaj do koszyka 
2024-07-12 12:20,9554.30,9090.07, Dodaj do koszyka 
2024-07-12 17:11,9587.78,9122.34, Dodaj do koszyka 
2024-07-12 22:09,9571.31,9106.56, Dodaj do koszyka 
2024-07-13 12:18,9571.31,9106.56, Dodaj do koszyka 
2024-07-13 17:08,9571.31,9106.56, Dodaj do koszyka 
2024-07-13 22:09,9571.31,9106.56, Dodaj do koszyka 
2024-07-14 12:29,9571.31,9106.56, Dodaj do koszyka 
2024-07-14 17:15,9571.31,9106.56, Dodaj do koszyka 
2024-07-14 22:10,9597.33,9131.32, Dodaj do koszyka 
2024-07-15 12:21,9597.02,9131.31, Dodaj do koszyka 
2024-07-15 17:10,9633.84,9166.57, Dodaj do koszyka 
2024-07-15 22:10,9628.63,9161.46, Dodaj do koszyka 
2024-07-16 12:21,9725.43,9254.28, Dodaj do koszyka 
2024-07-16 17:09,9852.11,9375.53, Dodaj do koszyka 
2024-07-16 22:11,9866.07,9389.02, Dodaj do koszyka 
2024-07-17 12:20,9878.05,9400.60, Dodaj do koszyka 
2024-07-17 17:09,9817.75,9342.60, Dodaj do koszyka 
2024-07-17 22:11,9817.28,9342.29, Dodaj do koszyka 
2024-07-18 12:20,9857.64,9381.02, Dodaj do koszyka 
2024-07-18 17:10,9802.39,9327.95, Dodaj do koszyka 
2024-07-18 22:10,9799.13,9324.53, Dodaj do koszyka 
2024-07-19 12:19,9638.90,9170.72, Dodaj do koszyka 
2024-07-19 17:11,9615.05,9147.73, Dodaj do koszyka 
2024-07-19 22:11,9619.91,9152.36, Dodaj do koszyka 
2024-07-20 12:18,9619.91,9152.36, Dodaj do koszyka 
2024-07-20 17:09,9619.91,9152.36, Dodaj do koszyka 
2024-07-20 22:10,9619.91,9152.36, Dodaj do koszyka 
2024-07-21 12:19,9619.91,9152.36, Dodaj do koszyka 
2024-07-21 17:09,9619.91,9152.36, Dodaj do koszyka 
2024-07-21 22:10,9637.28,9169.02, Dodaj do koszyka 
2024-07-22 12:20,9581.38,9115.56, Dodaj do koszyka 
2024-07-22 17:10,9562.77,9097.70, Dodaj do koszyka 
2024-07-22 22:10,9582.95,9117.12, Dodaj do koszyka 
2024-07-23 12:20,9645.83,9177.31, Dodaj do koszyka 
2024-07-23 17:10,9640.53,9172.19, Dodaj do koszyka 
2024-07-23 22:11,9664.32,9194.96, Dodaj do koszyka 
2024-07-24 12:19,9728.85,9256.66, Dodaj do koszyka 
2024-07-24 17:09,9732.00,9259.64, Dodaj do koszyka 
2024-07-24 22:10,9661.94,9192.24, Dodaj do koszyka 
2024-07-25 12:20,9520.30,9056.26, Dodaj do koszyka 
2024-07-25 17:09,9485.09,9022.77, Dodaj do koszyka 
2024-07-25 22:11,9510.21,9046.69, Dodaj do koszyka 
2024-07-26 12:19,9507.68,9044.66, Dodaj do koszyka 
2024-07-26 17:10,9552.82,9088.07, Dodaj do koszyka 
2024-07-26 22:11,9563.40,9098.11, Dodaj do koszyka 
2024-07-27 12:20,9563.40,9098.11, Dodaj do koszyka 
2024-07-27 17:09,9563.40,9098.11, Dodaj do koszyka 
2024-07-27 22:09,9563.40,9098.11, Dodaj do koszyka 
2024-07-28 12:18,9563.40,9098.11, Dodaj do koszyka 
2024-07-28 17:09,9563.40,9098.11, Dodaj do koszyka 
2024-07-28 22:10,9567.20,9101.78, Dodaj do koszyka 
2024-07-29 12:20,9644.24,9175.09, Dodaj do koszyka 
2024-07-29 17:10,9603.10,9135.56, Dodaj do koszyka 
2024-07-29 22:12,9620.44,9152.23, Dodaj do koszyka 
2024-07-30 12:20,9610.72,9143.11, Dodaj do koszyka 
2024-07-30 17:09,9706.82,9235.24, Dodaj do koszyka 
2024-07-30 22:09,9737.35,9264.50, Dodaj do koszyka 
2024-07-31 12:21,9743.48,9270.62, Dodaj do koszyka 
2024-07-31 17:12,9785.22,9310.62, Dodaj do koszyka 
2024-07-31 22:10,9864.93,9387.24, Dodaj do koszyka 
2024-08-01 12:20,9882.00,9403.22, Dodaj do koszyka 
2024-08-01 17:11,9893.91,9414.52, Dodaj do koszyka 
2024-08-01 22:10,9921.59,9441.12, Dodaj do koszyka 
2024-08-02 12:20,9897.27,9418.37, Dodaj do koszyka 
2024-08-02 17:10,9710.52,9239.63, Dodaj do koszyka 
2024-08-02 22:11,9766.98,9293.78, Dodaj do koszyka 
2024-08-03 12:18,9766.98,9293.78, Dodaj do koszyka 
2024-08-03 17:09,9766.98,9293.78, Dodaj do koszyka 
2024-08-03 22:09,9766.98,9293.78, Dodaj do koszyka 
2024-08-04 12:18,9766.98,9293.78, Dodaj do koszyka 
2024-08-04 17:09,9766.98,9293.78, Dodaj do koszyka 
2024-08-04 22:11,9768.65,9295.38, Dodaj do koszyka 
2024-08-05 12:21,9528.97,9065.26, Dodaj do koszyka 
2024-08-05 17:10,9539.81,9113.64, Dodaj do koszyka 
2024-08-05 22:10,9593.89,9165.61, Dodaj do koszyka 
2024-08-06 12:20,9645.39,9214.79, Dodaj do koszyka 
2024-08-06 17:11,9546.71,9119.67, Dodaj do koszyka 
2024-08-06 22:10,brak na stronie,brak na stronie,nie dostępny
2024-08-07 12:21,9630.84,9200.57, Dodaj do koszyka 
2024-08-07 17:11,9611.36,9181.68, Dodaj do koszyka 
2024-08-07 22:10,9558.27,9130.42, Dodaj do koszyka 
2024-08-08 12:20,9657.19,9226.17, Dodaj do koszyka 
2024-08-08 17:09,9709.70,9276.49, Dodaj do koszyka 
2024-08-08 22:10,9733.81,9299.90, Dodaj do koszyka 
2024-08-09 12:20,9742.31,9308.05, Dodaj do koszyka 
2024-08-09 17:10,9754.02,9319.52, Dodaj do koszyka 
2024-08-09 22:12,9743.87,9309.66, Dodaj do koszyka 
2024-08-10 12:19,9743.87,9309.66, Dodaj do koszyka 
2024-08-10 17:08,9743.87,9309.66, Dodaj do koszyka 
2024-08-10 22:10,9743.87,9309.66, Dodaj do koszyka 
2024-08-11 12:19,9743.87,9309.66, Dodaj do koszyka 
2024-08-11 17:10,9743.87,9309.66, Dodaj do koszyka 
2024-08-11 22:11,9750.55,9315.99, Dodaj do koszyka 
2024-08-12 12:22,9758.40,9324.06, Dodaj do koszyka 
2024-08-12 17:10,9831.50,9394.72, Dodaj do koszyka 
2024-08-12 22:11,9867.78,9429.67, Dodaj do koszyka 
2024-08-13 12:21,9800.39,9365.06, Dodaj do koszyka 
2024-08-13 17:10,9785.50,9350.96, Dodaj do koszyka 
2024-08-13 22:10,9748.91,9315.85, Dodaj do koszyka 
2024-08-14 12:20,9765.63,9332.14, Dodaj do koszyka 
2024-08-14 17:09,9641.76,9212.65, Dodaj do koszyka 
2024-08-14 22:11,9663.90,9233.95, Dodaj do koszyka 
2024-08-15 12:21,9711.89,9280.49, Dodaj do koszyka 
2024-08-15 17:10,9707.41,9275.77, Dodaj do koszyka 
2024-08-15 22:11,9727.45,9294.96, Dodaj do koszyka 
2024-08-16 12:21,9736.23,9304.00, Dodaj do koszyka 
2024-08-16 17:09,9793.63,9359.76, Dodaj do koszyka 
2024-08-16 22:11,9825.15,9390.33, Dodaj do koszyka 
2024-08-17 12:18,9825.15,9390.33, Dodaj do koszyka 
2024-08-17 17:08,9825.15,9390.33, Dodaj do koszyka 
2024-08-17 22:09,9825.15,9390.33, Dodaj do koszyka 
2024-08-18 12:20,9825.15,9390.33, Dodaj do koszyka 
2024-08-18 17:08,9825.15,9390.33, Dodaj do koszyka 
2024-08-18 22:10,9842.36,9406.72, Dodaj do koszyka 
2024-08-19 12:21,9766.47,9333.71, Dodaj do koszyka 
2024-08-19 17:11,9775.91,9343.10, Dodaj do koszyka 
2024-08-19 22:11,9765.62,9333.29, Dodaj do koszyka 
2024-08-20 12:21,9847.81,9412.67, Dodaj do koszyka 
2024-08-20 17:10,9787.18,9354.16, Dodaj do koszyka 
2024-08-20 22:10,9793.44,9360.25, Dodaj do koszyka 
2024-08-21 12:20,9809.63,9375.63, Dodaj do koszyka 
2024-08-21 17:10,9754.55,9322.86, Dodaj do koszyka 
2024-08-21 22:10,9776.39,9343.88, Dodaj do koszyka 
2024-08-22 12:20,9741.35,9309.91, Dodaj do koszyka 
2024-08-22 17:10,9693.48,9263.54, Dodaj do koszyka 
2024-08-22 22:11,9704.30,9273.96, Dodaj do koszyka 
2024-08-23 12:20,9742.48,9311.05, Dodaj do koszyka 
2024-08-23 17:09,9705.53,9276.14, Dodaj do koszyka 
2024-08-23 22:10,9697.25,9268.22, Dodaj do koszyka 
2024-08-24 12:19,9697.25,9268.22, Dodaj do koszyka 
2024-08-24 17:11,9697.25,9268.22, Dodaj do koszyka 
2024-08-24 22:09,9697.25,9268.22, Dodaj do koszyka 
2024-08-25 12:19,9697.25,9268.22, Dodaj do koszyka 
2024-08-25 17:12,9697.25,9268.22, Dodaj do koszyka 
2024-08-25 22:10,9737.76,9306.93, Dodaj do koszyka 
2024-08-26 12:21,9807.42,9374.03, Dodaj do koszyka 
2024-08-26 17:10,9799.24,9366.12, Dodaj do koszyka 
2024-08-26 22:11,9788.75,9355.90, Dodaj do koszyka 
2024-08-27 12:20,9763.18,9331.28, Dodaj do koszyka 
2024-08-27 17:10,9779.66,9347.12, Dodaj do koszyka 
2024-08-27 22:11,9796.91,9363.97, Dodaj do koszyka 
2024-08-28 12:22,9795.29,9361.44,nie dostępny
2024-08-28 17:10,9789.23,9355.76,nie dostępny
2024-08-28 22:10,9809.05,9374.88,nie dostępny
2024-08-29 12:21,9857.37,9421.45,nie dostępny
2024-08-29 17:10,9892.87,9455.75,nie dostępny
2024-08-29 22:10,9884.15,9447.21,nie dostępny
2024-08-30 12:20,9858.28,9422.52,nie dostępny
2024-08-30 17:11,9805.27,9370.96,nie dostępny
2024-08-30 22:10,9827.57,9392.45,nie dostępny
2024-08-31 12:19,9827.57,9392.45,nie dostępny
2024-08-31 17:09,9827.57,9392.45,nie dostępny
2024-08-31 22:11,9827.57,9392.45,nie dostępny
2024-09-01 12:19,9827.57,9392.45,nie dostępny
2024-09-01 17:09,9827.57,9392.45,nie dostępny
2024-09-01 22:11,9838.27,9402.69,nie dostępny
2024-09-02 12:22,9783.74,9350.45,nie dostępny
2024-09-02 17:10,9770.17,9337.52, Dodaj do koszyka 
2024-09-02 22:11,9766.73,9334.16, Dodaj do koszyka 
2024-09-03 12:21,9804.26,9369.93, Dodaj do koszyka 
2024-09-03 17:11,9772.12,9338.86, Dodaj do koszyka 
2024-09-03 22:11,9792.07,9358.14, Dodaj do koszyka 
2024-09-04 12:22,9766.47,9333.54, Dodaj do koszyka 
2024-09-04 17:10,9757.08,9324.85, Dodaj do koszyka 
2024-09-04 22:10,9752.74,9320.65, Dodaj do koszyka 
2024-09-05 12:21,9790.92,9357.94, Dodaj do koszyka 
2024-09-05 17:10,9807.92,9373.93, Dodaj do koszyka 
2024-09-05 22:11,9825.01,9390.51, Dodaj do koszyka 
2024-09-06 12:21,9810.94,9376.97, Dodaj do koszyka 
2024-09-06 17:10,9747.99,9315.85, Dodaj do koszyka 
2024-09-06 22:10,9768.97,9336.21, Dodaj do koszyka 
2024-09-07 12:19,9768.97,9336.21, Dodaj do koszyka 
2024-09-07 17:10,9768.97,9336.21, Dodaj do koszyka 
2024-09-07 22:10,9768.97,9336.21, Dodaj do koszyka 
2024-09-08 12:19,9768.97,9336.21, Dodaj do koszyka 
2024-09-08 17:10,9768.97,9336.21, Dodaj do koszyka 
2024-09-08 22:10,9773.60,9340.65, Dodaj do koszyka 
2024-09-09 12:22,9807.85,9373.47, Dodaj do koszyka 
2024-09-09 17:10,9806.77,9372.57, Dodaj do koszyka 
2024-09-09 22:10,9837.90,9402.46, Dodaj do koszyka 
2024-09-10 12:23,9853.27,9417.14, Dodaj do koszyka 
2024-09-10 17:10,9889.69,9452.26, Dodaj do koszyka 
2024-09-10 22:11,9900.40,9462.57, Dodaj do koszyka 
2024-09-11 12:22,9899.27,9461.57, Dodaj do koszyka 
2024-09-11 17:10,9924.69,9485.75, Dodaj do koszyka 
2024-09-11 22:10,9911.66,9473.20, Dodaj do koszyka 
2024-09-12 12:21,9956.03,9515.95, Dodaj do koszyka 
2024-09-12 17:10,10033.32,9591.01, Dodaj do koszyka 
2024-09-12 22:12,10030.09,9588.09, Dodaj do koszyka 
2024-09-13 12:21,10059.85,9616.89, Dodaj do koszyka 
2024-09-13 17:10,10107.56,9663.12, Dodaj do koszyka 
2024-09-13 22:11,10104.47,9660.00, Dodaj do koszyka 
2024-09-14 12:20,10104.47,9660.00, Dodaj do koszyka 
2024-09-14 17:10,10104.47,9660.00, Dodaj do koszyka 
2024-09-14 22:11,10104.47,9660.00, Dodaj do koszyka 
2024-09-15 12:20,10104.47,9660.00, Dodaj do koszyka 
2024-09-15 17:09,10104.47,9660.00, Dodaj do koszyka 
2024-09-15 22:11,10090.98,9647.01, Dodaj do koszyka 
2024-09-16 12:23,10035.91,9594.50, Dodaj do koszyka 
2024-09-16 17:10,10054.66,9612.49, Dodaj do koszyka 
2024-09-16 22:10,10055.61,9613.38, Dodaj do koszyka 
2024-09-17 12:22,10013.04,9572.57, Dodaj do koszyka 
2024-09-17 17:10,9982.06,9542.30, Dodaj do koszyka 
2024-09-17 22:11,10013.63,9572.80, Dodaj do koszyka 
2024-09-18 12:22,10022.19,9581.22, Dodaj do koszyka 
2024-09-18 17:10,10009.38,9568.88, Dodaj do koszyka 
2024-09-18 22:11,9960.91,9521.93, Dodaj do koszyka 
2024-09-19 12:22,10034.49,9593.44, Dodaj do koszyka 
2024-09-19 17:10,10053.41,9611.54, Dodaj do koszyka 
2024-09-19 22:11,10037.56,9596.26, Dodaj do koszyka 
2024-09-20 12:22,10146.34,9701.35, Dodaj do koszyka 
2024-09-20 17:10,10149.42,9804.01, Dodaj do koszyka 
2024-09-20 22:12,10158.96,9813.21, Dodaj do koszyka 
2024-09-21 12:20,10158.96,9813.21, Dodaj do koszyka 
2024-09-21 17:11,10158.96,9813.21, Dodaj do koszyka 
2024-09-21 22:10,10158.96,9813.21, Dodaj do koszyka 
2024-09-22 12:20,10158.96,9813.21, Dodaj do koszyka 
2024-09-22 17:10,10158.96,9813.21, Dodaj do koszyka 
2024-09-22 22:11,10161.90,9816.03, Dodaj do koszyka 
2024-09-23 12:23,10218.86,9871.06, Dodaj do koszyka 
2024-09-23 17:11,10226.32,9878.53, Dodaj do koszyka 
2024-09-23 22:12,10231.73,9883.73, Dodaj do koszyka 
2024-09-24 12:23,10183.73,9837.26, Dodaj do koszyka 
2024-09-24 17:12,10239.65,9892.18, Dodaj do koszyka 
2024-09-24 22:11,10252.68,9905.07, Dodaj do koszyka 
2024-09-25 12:23,10259.86,9912.01, Dodaj do koszyka 
2024-09-25 17:11,10319.91,10037.97, Dodaj do koszyka 
2024-09-25 22:11,10326.39,10044.31, Dodaj do koszyka 
2024-09-26 12:23,10376.57,10093.32, Dodaj do koszyka 
2024-09-26 17:12,10354.83,10072.10, Dodaj do koszyka 
2024-09-26 22:11,10356.33,10073.57, Dodaj do koszyka 
2024-09-27 12:23,10332.44,10050.26, Dodaj do koszyka 
2024-09-27 17:11,10277.25,9996.43, Dodaj do koszyka 
2024-09-27 22:11,10303.30,10021.83, Dodaj do koszyka 
2024-09-28 12:20,10303.30,10021.83, Dodaj do koszyka 
2024-09-28 17:09,10303.30,10021.83, Dodaj do koszyka 
2024-09-28 22:10,10303.30,10021.83, Dodaj do koszyka 
2024-09-29 12:21,10303.30,10021.83, Dodaj do koszyka 
2024-09-29 17:09,10303.30,10021.83, Dodaj do koszyka 
2024-09-29 22:10,10319.41,10037.57, Dodaj do koszyka 
2024-09-30 12:25,10230.95,9951.31, Dodaj do koszyka 
2024-09-30 17:11,10266.00,9985.41, Dodaj do koszyka 
2024-09-30 22:11,10265.03,9984.40, Dodaj do koszyka 
2024-10-01 12:23,10401.49,10117.33, Dodaj do koszyka 
2024-10-01 17:11,10486.09,10199.75, Dodaj do koszyka 
2024-10-01 22:11,10448.73,10163.35, Dodaj do koszyka 
2024-10-02 12:23,10409.21,10124.78, Dodaj do koszyka 
2024-10-02 17:10,10427.32,10142.40, Dodaj do koszyka 
2024-10-02 22:12,10472.02,10185.98, Dodaj do koszyka 
2024-10-03 12:23,10460.35,10174.52, Dodaj do koszyka 
2024-10-03 17:11,10518.64,10231.34, Dodaj do koszyka 
2024-10-03 22:12,10507.56,10220.52, Dodaj do koszyka 
2024-10-04 12:22,10531.69,10244.00, Dodaj do koszyka 
2024-10-04 17:10,10558.83,10270.29, Dodaj do koszyka 
2024-10-04 22:11,10560.48,10271.96, Dodaj do koszyka 
2024-10-05 12:21,10560.48,10271.96, Dodaj do koszyka 
2024-10-05 17:10,10560.48,10271.96, Dodaj do koszyka 
2024-10-05 22:11,10560.48,10271.96, Dodaj do koszyka 
2024-10-06 12:20,10560.48,10271.96, Dodaj do koszyka 
2024-10-06 17:10,10560.48,10271.96, Dodaj do koszyka 
2024-10-06 22:10,10567.57,10278.84, Dodaj do koszyka 
2024-10-07 12:24,10589.51,10300.23, Dodaj do koszyka 
2024-10-07 17:11,10548.55,10260.29, Dodaj do koszyka 
2024-10-07 22:11,10542.34,10254.21, Dodaj do koszyka 
2024-10-08 12:23,10534.50,10246.68, Dodaj do koszyka 
2024-10-08 17:11,10383.33,10099.24, Dodaj do koszyka 
2024-10-08 22:11,10410.26,10125.53, Dodaj do koszyka 
2024-10-09 12:22,10418.05,10133.11, Dodaj do koszyka 
2024-10-09 17:10,10370.02,10086.24, Dodaj do koszyka 
2024-10-09 22:11,10380.68,10096.62, Dodaj do koszyka 
2024-10-10 12:22,10424.57,10139.36, Dodaj do koszyka 
2024-10-10 17:11,10462.11,10175.92, Dodaj do koszyka 
2024-10-10 22:11,10481.14,10194.54, Dodaj do koszyka 
2024-10-11 12:22,10510.45,10223.24, Dodaj do koszyka 
2024-10-11 17:10,10557.96,10269.58, Dodaj do koszyka 
2024-10-11 22:11,10560.31,10271.84, Dodaj do koszyka 
2024-10-12 12:20,10560.31,10271.84, Dodaj do koszyka 
2024-10-12 17:10,10560.31,10271.84, Dodaj do koszyka 
2024-10-12 22:10,10560.31,10271.84, Dodaj do koszyka 
2024-10-13 12:20,10560.31,10271.84, Dodaj do koszyka 
2024-10-13 17:09,10560.31,10271.84, Dodaj do koszyka 
2024-10-13 22:10,10557.14,10268.71, Dodaj do koszyka 
2024-10-14 12:23,10551.80,10263.50, Dodaj do koszyka 
2024-10-14 17:10,10565.54,10276.84, Dodaj do koszyka 
2024-10-14 22:13,10567.63,10278.88, Dodaj do koszyka 
2024-10-15 12:24,10574.85,10285.93, Dodaj do koszyka 
2024-10-15 17:11,10621.99,10331.86, Dodaj do koszyka 
2024-10-15 22:11,10632.90,10342.50, Dodaj do koszyka 
2024-10-16 12:23,10703.55,10411.38, Dodaj do koszyka 
2024-10-16 17:11,10712.83,10420.37, Dodaj do koszyka 
2024-10-16 22:11,10723.75,10430.99, Dodaj do koszyka 
2024-10-17 12:23,10773.64,10479.57, Dodaj do koszyka 
2024-10-17 17:11,10870.95,10574.36, Dodaj do koszyka 
2024-10-17 22:11,10852.79,10556.70, Dodaj do koszyka 
2024-10-18 12:22,10906.70,10609.33, Dodaj do koszyka 
2024-10-18 17:11,10908.33,10610.99, Dodaj do koszyka 
2024-10-18 22:11,10923.15,10625.43, Dodaj do koszyka 
2024-10-19 12:21,10923.15,10625.43, Dodaj do koszyka 
2024-10-19 17:10,10923.15,10625.43, Dodaj do koszyka 
2024-10-19 22:12,10923.15,10625.43, Dodaj do koszyka 
2024-10-20 12:22,10923.15,10625.43, Dodaj do koszyka 
2024-10-20 17:11,10923.15,10625.43, Dodaj do koszyka 
2024-10-20 22:11,10927.81,10629.95, Dodaj do koszyka 
2024-10-21 12:23,11023.07,10722.77, Dodaj do koszyka 
2024-10-21 17:11,11010.21,10710.15, Dodaj do koszyka 
2024-10-21 22:11,11002.10,10702.20, Dodaj do koszyka 
2024-10-22 12:23,11049.63,10748.59, Dodaj do koszyka 
2024-10-22 17:11,11123.25,10820.33, Dodaj do koszyka 
2024-10-22 22:12,11141.62,10838.21, Dodaj do koszyka 
2024-10-23 12:23,11222.14,10916.52, Dodaj do koszyka 
2024-10-23 17:11,11117.37,10814.33, Dodaj do koszyka 
2024-10-23 22:12,11092.76,10790.36, Dodaj do koszyka 
2024-10-24 12:23,11145.93,10842.30, Dodaj do koszyka 
2024-10-24 17:10,11129.21,10826.03, Dodaj do koszyka 
2024-10-24 22:11,11120.08,10817.13, Dodaj do koszyka 
2024-10-25 12:23,11089.00,10786.80, Dodaj do koszyka 
2024-10-25 17:11,11163.99,10859.89, Dodaj do koszyka 
2024-10-25 22:11,11189.29,10884.55, Dodaj do koszyka 
2024-10-26 12:21,11189.29,10884.55, Dodaj do koszyka 
2024-10-26 17:10,11189.29,10884.55, Dodaj do koszyka 
2024-10-26 22:10,11189.29,10884.55, Dodaj do koszyka 
2024-10-27 12:21,11189.29,10884.55, Dodaj do koszyka 
2024-10-27 17:10,11189.29,10884.55, Dodaj do koszyka 
2024-10-27 22:11,11199.85,10894.82, Dodaj do koszyka 
2024-10-28 12:24,11123.17,10820.11, Dodaj do koszyka 
2024-10-28 17:11,11166.30,10862.15, Dodaj do koszyka 
2024-10-28 22:11,11174.92,10870.55, Dodaj do koszyka 
2024-10-29 12:24,11231.22,10925.42, Dodaj do koszyka 
2024-10-29 17:11,11269.45,10962.79, Dodaj do koszyka 
2024-10-29 22:11,11277.81,10970.96, Dodaj do koszyka 
2024-10-30 12:24,11292.64,10985.40, Dodaj do koszyka 
2024-10-30 17:11,11316.76,11008.96, Dodaj do koszyka 
2024-10-30 22:11,11323.57,11015.60, Dodaj do koszyka 
2024-10-31 12:23,11273.22,10966.56, Dodaj do koszyka 
2024-10-31 17:12,11128.88,10825.76, Dodaj do koszyka 
2024-10-31 22:11,11114.24,10811.54, Dodaj do koszyka 
2024-11-01 12:22,11174.71,10870.44, Dodaj do koszyka 
2024-11-01 17:11,11164.62,10860.53, Dodaj do koszyka 
2024-11-01 22:11,11162.01,10857.92, Dodaj do koszyka 
2024-11-02 12:21,11162.01,10857.92, Dodaj do koszyka 
2024-11-02 17:10,11162.01,10857.92, Dodaj do koszyka 
2024-11-02 22:11,11162.01,10857.92, Dodaj do koszyka 
2024-11-03 12:20,11162.01,10857.92, Dodaj do koszyka 
2024-11-03 17:10,11162.01,10857.92, Dodaj do koszyka 
2024-11-03 22:12,11127.12,10823.99, Dodaj do koszyka 
2024-11-04 12:24,11047.79,10746.86, Dodaj do koszyka 
2024-11-04 17:11,11085.59,10783.56, Dodaj do koszyka 
2024-11-04 22:11,11101.15,10798.73, Dodaj do koszyka 
2024-11-05 12:22,11121.24,10818.33, Dodaj do koszyka 
2024-11-05 17:12,11070.77,10769.20, Dodaj do koszyka 
2024-11-05 22:11,11083.17,10781.32, Dodaj do koszyka 
2024-11-06 12:23,11165.33,10860.85, Dodaj do koszyka 
2024-11-06 17:10,10964.42,10665.02, Dodaj do koszyka 
2024-11-06 22:12,10934.06,10635.40, Dodaj do koszyka 
2024-11-07 12:22,10874.38,10577.43, Dodaj do koszyka 
2024-11-07 17:10,10917.50,10619.66, Dodaj do koszyka 
2024-11-07 22:11,10948.87,10650.29, Dodaj do koszyka 
2024-11-08 12:22,10922.58,10624.56, Dodaj do koszyka 
2024-11-08 17:10,11008.78,10708.37, Dodaj do koszyka 
2024-11-08 22:11,10973.71,10674.23, Dodaj do koszyka 
2024-11-09 12:20,10973.71,10674.23, Dodaj do koszyka 
2024-11-09 17:09,10973.71,10674.23, Dodaj do koszyka 
2024-11-09 22:10,10973.71,10674.23, Dodaj do koszyka 
2024-11-10 12:20,10973.71,10674.23, Dodaj do koszyka 
2024-11-10 17:09,10973.71,10674.23, Dodaj do koszyka 
2024-11-10 22:10,10982.40,10682.68, Dodaj do koszyka 
2024-11-11 12:23,10967.74,10668.17, Dodaj do koszyka 
2024-11-11 17:10,10844.34,10547.66, Dodaj do koszyka 
2024-11-11 22:11,10862.07,10564.96, Dodaj do koszyka 
2024-11-12 12:23,10813.92,10517.94, Dodaj do koszyka 
2024-11-12 17:10,10797.66,10502.05, Dodaj do koszyka 
2024-11-12 22:11,10786.56,10491.28, Dodaj do koszyka 
2024-11-13 12:23,10801.73,10506.18, Dodaj do koszyka 
2024-11-13 17:10,10750.28,10455.84, Dodaj do koszyka 
2024-11-13 22:11,10712.34,10418.81, Dodaj do koszyka 
2024-11-14 12:24,10661.06,10368.75, Dodaj do koszyka 
2024-11-14 17:11,10678.80,10386.22, Dodaj do koszyka 
2024-11-14 22:11,10677.78,10385.11, Dodaj do koszyka 
2024-11-15 12:24,10612.91,10322.04, Dodaj do koszyka 
2024-11-15 17:11,10617.51,10326.47, Dodaj do koszyka 
2024-11-15 22:12,10642.06,10350.36, Dodaj do koszyka 
2024-11-16 12:21,10642.06,10350.36, Dodaj do koszyka 
2024-11-16 17:10,10642.06,10350.36, Dodaj do koszyka 
2024-11-16 22:11,10642.06,10350.36, Dodaj do koszyka 
2024-11-17 12:21,10642.06,10350.36, Dodaj do koszyka 
2024-11-17 17:10,10642.06,10350.36, Dodaj do koszyka 
2024-11-17 22:11,10703.54,10410.15, Dodaj do koszyka 
2024-11-18 12:25,10781.14,10485.94, Dodaj do koszyka 
2024-11-18 17:11,10764.68,10470.12, Dodaj do koszyka 
2024-11-18 22:12,10783.80,10488.75, Dodaj do koszyka 
2024-11-19 12:24,10938.62,10639.56, Dodaj do koszyka 
2024-11-19 17:11,10893.88,10595.99, Dodaj do koszyka 
2024-11-19 22:11,10909.49,10611.21, Dodaj do koszyka 
2024-11-20 12:24,10934.88,10635.88, Dodaj do koszyka 
2024-11-20 17:11,11073.01,10770.50, Dodaj do koszyka 
2024-11-20 22:12,11041.58,10739.89, Dodaj do koszyka 
2024-11-21 12:25,11140.23,10836.00, Dodaj do koszyka 
2024-11-21 17:11,11193.35,10887.65, Dodaj do koszyka 
2024-11-21 22:11,11215.09,10908.87, Dodaj do koszyka 
2024-11-22 12:24,11394.89,11084.07, Dodaj do koszyka 
2024-11-22 17:12,11418.03,11106.65, Dodaj do koszyka 
2024-11-22 22:11,11456.46,11144.14, Dodaj do koszyka 
2024-11-23 12:21,11456.46,11144.14, Dodaj do koszyka 
2024-11-23 17:10,11456.46,11144.14, Dodaj do koszyka 
2024-11-23 22:11,11456.46,11144.14, Dodaj do koszyka 
2024-11-24 12:21,11456.46,11144.14, Dodaj do koszyka 
2024-11-24 17:10,11456.46,11144.14, Dodaj do koszyka 
2024-11-24 22:11,11420.17,11108.85, Dodaj do koszyka 
2024-11-25 12:25,11220.64,10914.40, Dodaj do koszyka 
2024-11-25 17:11,10983.02,10736.96, Dodaj do koszyka 
2024-11-25 22:12,10939.53,10694.37, Dodaj do koszyka 
2024-11-26 12:25,10902.91,10658.65, Dodaj do koszyka 
2024-11-26 17:12,10942.45,10697.23, Dodaj do koszyka 
2024-11-26 22:12,10961.97,10716.40, Dodaj do koszyka 
2024-11-27 12:25,11000.66,10754.43, Dodaj do koszyka 
2024-11-27 17:11,10883.35,10639.60, Dodaj do koszyka 
2024-11-27 22:12,10882.87,10639.10, Dodaj do koszyka 
2024-11-28 12:25,10954.32,10709.07, Dodaj do koszyka 
2024-11-28 17:11,10921.64,10677.05, Dodaj do koszyka 
2024-11-28 22:12,10910.45,10666.08, Dodaj do koszyka 
2024-11-29 12:25,10976.20,10730.61, Dodaj do koszyka 
2024-11-29 17:11,10954.92,10709.78, Dodaj do koszyka 
2024-11-29 22:11,10918.19,10673.80, Dodaj do koszyka 
2024-11-30 12:22,10918.19,10673.80, Dodaj do koszyka 
2024-11-30 17:10,10918.19,10673.80, Dodaj do koszyka 
2024-11-30 22:11,10918.19,10673.80, Dodaj do koszyka 
2024-12-01 12:23,10918.19,10673.80, Dodaj do koszyka 
2024-12-01 17:10,10918.19,10673.80, Dodaj do koszyka 
2024-12-01 22:11,10940.73,10695.83, Dodaj do koszyka 
2024-12-02 12:26,10916.15,10671.72, Dodaj do koszyka 
2024-12-02 17:11,10928.27,10683.52, Dodaj do koszyka 
2024-12-02 22:12,10919.81,10675.24, Dodaj do koszyka 
2024-12-03 12:25,10923.74,10679.11, Dodaj do koszyka 
2024-12-03 17:12,10938.87,10693.97, Dodaj do koszyka 
2024-12-03 22:12,10960.72,10715.29, Dodaj do koszyka 
2024-12-04 12:25,10931.40,10686.63, Dodaj do koszyka 
2024-12-04 17:11,10905.80,10661.67, Dodaj do koszyka 
2024-12-04 22:12,10936.47,10691.65, Dodaj do koszyka 
2024-12-05 12:25,10896.89,10652.95, Dodaj do koszyka 
2024-12-05 17:11,10756.99,10516.01, Dodaj do koszyka 
2024-12-05 22:12,10755.73,10514.76, Dodaj do koszyka 
2024-12-06 12:25,10783.56,10542.06, Dodaj do koszyka 
2024-12-06 17:12,10803.10,10561.15, Dodaj do koszyka 
2024-12-06 22:12,10770.32,10529.03, Dodaj do koszyka 
2024-12-07 12:22,10770.32,10529.03, Dodaj do koszyka 
2024-12-07 17:10,10770.32,10529.03, Dodaj do koszyka 
2024-12-07 22:11,10770.32,10529.03, Dodaj do koszyka 
2024-12-08 12:23,10770.32,10529.03, Dodaj do koszyka 
2024-12-08 17:10,10770.32,10529.03, Dodaj do koszyka 
2024-12-08 22:11,10798.56,10556.65, Dodaj do koszyka 
2024-12-09 12:27,10845.17,10602.45, Dodaj do koszyka 
2024-12-09 17:12,10885.15,10641.66, Dodaj do koszyka 
2024-12-09 22:12,10877.42,10634.03, Dodaj do koszyka 
2024-12-10 12:26,10999.52,10753.57, Dodaj do koszyka 
2024-12-10 17:11,11046.06,10799.22, Dodaj do koszyka 
2024-12-10 22:12,11042.12,10795.40, Dodaj do koszyka 
2024-12-11 12:26,11072.36,10824.98, Dodaj do koszyka 
2024-12-11 17:11,11193.56,10943.72, Dodaj do koszyka 
2024-12-11 22:12,11209.14,10958.94, Dodaj do koszyka 
2024-12-12 12:26,11188.63,10938.81, Dodaj do koszyka 
2024-12-12 17:11,11050.23,10803.22, Dodaj do koszyka 
2024-12-12 22:12,11090.76,10842.81, Dodaj do koszyka 
2024-12-13 12:25,10995.90,10749.96, Dodaj do koszyka 
2024-12-13 17:11,10947.74,10702.79, Dodaj do koszyka 
2024-12-13 22:12,10887.65,10643.89, Dodaj do koszyka 
2024-12-14 12:22,10887.65,10643.89, Dodaj do koszyka 
2024-12-14 17:10,10887.65,10643.89, Dodaj do koszyka 
2024-12-14 22:11,10887.65,10643.89, Dodaj do koszyka 
2024-12-15 12:23,10887.65,10643.89, Dodaj do koszyka 
2024-12-15 17:10,10887.65,10643.89, Dodaj do koszyka 
2024-12-15 22:11,10910.69,10666.42, Dodaj do koszyka 
2024-12-16 12:26,10953.49,10708.42, Dodaj do koszyka 
2024-12-16 17:11,10873.58,10630.19, Dodaj do koszyka 
2024-12-16 22:11,10887.35,10643.66, Dodaj do koszyka 
2024-12-17 12:26,10867.98,10624.60, Dodaj do koszyka 
2024-12-17 17:12,10850.25,10607.26, Dodaj do koszyka 
2024-12-17 22:12,10913.53,10669.18, Dodaj do koszyka 
2024-12-18 12:25,10871.33,10627.93, Dodaj do koszyka 
2024-12-18 17:11,10876.17,10632.55, Dodaj do koszyka 
2024-12-18 22:12,10800.82,10558.34, Dodaj do koszyka 
2024-12-19 12:25,10807.78,10565.45, Dodaj do koszyka 
2024-12-19 17:10,10790.28,10548.12, Dodaj do koszyka 
2024-12-19 22:11,10803.63,10561.18, Dodaj do koszyka 
2024-12-20 12:23,10815.96,10573.35, Dodaj do koszyka 
2024-12-20 17:10,10873.36,10629.69, Dodaj do koszyka 
2024-12-20 22:11,10862.64,10619.18, Dodaj do koszyka 
2024-12-21 12:21,10862.64,10619.18, Dodaj do koszyka 
2024-12-21 17:10,10862.64,10619.18, Dodaj do koszyka 
2024-12-21 22:10,10862.64,10619.18, Dodaj do koszyka 
2024-12-22 12:20,10862.64,10619.18, Dodaj do koszyka 
2024-12-22 17:10,10862.64,10619.18, Dodaj do koszyka 
2024-12-22 22:10,10874.05,10630.34, Dodaj do koszyka 
2024-12-23 12:23,10903.12,10658.69, Dodaj do koszyka 
2024-12-23 17:11,10850.35,10607.09, Dodaj do koszyka 
2024-12-23 22:11,10855.47,10612.06, Dodaj do koszyka 
2024-12-24 12:23,10880.61,10636.67, Dodaj do koszyka 
2024-12-24 17:10,10853.94,10610.57, Dodaj do koszyka 
2024-12-24 22:11,10878.89,10634.99, Dodaj do koszyka 
2024-12-25 12:22,10862.60,10619.02, Dodaj do koszyka 
2024-12-25 17:11,10862.60,10619.02, Dodaj do koszyka 
2024-12-25 22:11,10852.29,10608.94, Dodaj do koszyka 
2024-12-26 12:23,10907.87,10663.42, Dodaj do koszyka 
2024-12-26 17:10,10904.16,10659.87, Dodaj do koszyka 
2024-12-26 22:11,10931.31,10686.42, Dodaj do koszyka 
2024-12-27 12:22,10918.43,10673.81, Dodaj do koszyka 
2024-12-27 17:10,10856.26,10612.86, Dodaj do koszyka 
2024-12-27 22:11,10871.74,10628.02, Dodaj do koszyka 
2024-12-28 12:21,10871.74,10628.02, Dodaj do koszyka 
2024-12-28 17:09,10871.74,10628.02, Dodaj do koszyka 
2024-12-28 22:10,10871.74,10628.02, Dodaj do koszyka 
2024-12-29 12:20,10871.74,10628.02, Dodaj do koszyka 
2024-12-29 17:10,10871.74,10628.02, Dodaj do koszyka 
2024-12-29 22:10,10854.68,10611.32, Dodaj do koszyka 
2024-12-30 12:23,10814.49,10572.04, Dodaj do koszyka 
2024-12-30 17:10,10843.43,10600.16, Dodaj do koszyka 
2024-12-30 22:11,10855.97,10612.47, Dodaj do koszyka 
2024-12-31 12:22,10856.93,10613.46, Dodaj do koszyka 
2024-12-31 17:10,10987.24,10741.01, Dodaj do koszyka 
2024-12-31 22:11,10982.12,10736.00, Dodaj do koszyka 
2025-01-01 12:22,10983.28,10737.14, Dodaj do koszyka 
2025-01-01 17:10,10983.28,10737.14, Dodaj do koszyka 
2025-01-01 22:11,10993.38,10747.01, Dodaj do koszyka 
2025-01-02 12:23,11067.89,10820.03, Dodaj do koszyka 
2025-01-02 17:10,11206.20,10955.44, Dodaj do koszyka 
2025-01-02 22:11,11212.75,10961.83, Dodaj do koszyka 
2025-01-03 12:23,11170.79,10920.80, Dodaj do koszyka 
2025-01-03 17:10,11092.39,10843.97, Dodaj do koszyka 
2025-01-03 22:11,11082.54,10834.33, Dodaj do koszyka 
2025-01-04 12:21,11082.54,10834.33, Dodaj do koszyka 
2025-01-04 17:09,11082.54,10834.33, Dodaj do koszyka 
2025-01-04 22:10,11082.54,10834.33, Dodaj do koszyka 
2025-01-05 12:21,11082.54,10834.33, Dodaj do koszyka 
2025-01-05 17:09,11082.54,10834.33, Dodaj do koszyka 
2025-01-05 22:10,11098.57,10850.00, Dodaj do koszyka 
2025-01-06 12:24,10946.07,10700.96, Dodaj do koszyka 
2025-01-06 17:11,10940.68,10695.67, Dodaj do koszyka 
2025-01-06 22:11,10942.17,10697.08, Dodaj do koszyka 
2025-01-07 12:24,10967.91,10722.37, Dodaj do koszyka 
2025-01-07 17:11,11052.42,10805.03, Dodaj do koszyka 
2025-01-07 22:11,11057.25,10809.71, Dodaj do koszyka 
2025-01-08 12:24,11149.60,10899.98, Dodaj do koszyka 
2025-01-08 17:10,11204.18,10953.57, Dodaj do koszyka 
2025-01-08 22:11,11176.92,10926.84, Dodaj do koszyka 
2025-01-09 12:24,11227.12,10976.03, Dodaj do koszyka 
2025-01-09 17:10,11178.03,10927.99, Dodaj do koszyka 
2025-01-09 22:11,11198.60,10948.13, Dodaj do koszyka 
2025-01-10 12:23,11238.06,10986.79, Dodaj do koszyka 
2025-01-10 17:10,11387.81,11133.39, Dodaj do koszyka 
2025-01-10 22:11,11352.93,11099.23, Dodaj do koszyka 
2025-01-11 12:21,11352.93,11099.23, Dodaj do koszyka 
2025-01-11 17:10,11352.93,11099.23, Dodaj do koszyka 
2025-01-11 22:10,11352.93,11099.23, Dodaj do koszyka 
2025-01-12 12:21,11352.93,11099.23, Dodaj do koszyka 
2025-01-12 17:09,11352.93,11099.23, Dodaj do koszyka 
2025-01-12 22:10,11359.47,11105.62, Dodaj do koszyka 
2025-01-13 12:24,11389.06,11134.48, Dodaj do koszyka 
2025-01-13 17:11,11272.25,11020.04, Dodaj do koszyka 
2025-01-13 22:11,11245.63,10994.03, Dodaj do koszyka 
2025-01-14 12:22,11283.87,11031.49, Dodaj do koszyka 
2025-01-14 17:10,11215.61,10964.75, Dodaj do koszyka 
2025-01-14 22:11,11233.75,10982.57, Dodaj do koszyka 
2025-01-15 12:22,11251.75,11000.26, Dodaj do koszyka 
2025-01-15 17:10,11275.17,11023.20, Dodaj do koszyka 
2025-01-15 22:11,11307.21,11054.59, Dodaj do koszyka 
2025-01-16 12:22,11361.68,11107.93, Dodaj do koszyka 
2025-01-16 17:11,11410.84,11156.17, Dodaj do koszyka 
2025-01-16 22:11,11384.41,11130.26, Dodaj do koszyka 
2025-01-17 12:22,11348.90,11095.46, Dodaj do koszyka 
2025-01-17 17:10,11378.19,11124.17, Dodaj do koszyka 
2025-01-17 22:10,11359.61,11105.88, Dodaj do koszyka 
2025-01-18 12:20,11359.61,11105.88, Dodaj do koszyka 
2025-01-18 17:09,11359.61,11105.88, Dodaj do koszyka 
2025-01-18 22:10,11359.61,11105.88, Dodaj do koszyka 
2025-01-19 12:20,11359.61,11105.88, Dodaj do koszyka 
2025-01-19 17:09,11359.61,11105.88, Dodaj do koszyka 
2025-01-19 22:11,11357.15,11103.48, Dodaj do koszyka 
2025-01-20 12:23,11312.75,11060.14, Dodaj do koszyka 
2025-01-20 17:10,11218.14,10967.63, Dodaj do koszyka 
2025-01-20 22:11,11211.61,10961.25, Dodaj do koszyka 
2025-01-21 12:23,11331.12,11078.26, Dodaj do koszyka 
2025-01-21 17:11,11329.80,11077.18, Dodaj do koszyka 
2025-01-21 22:11,11342.77,11089.86, Dodaj do koszyka 
2025-01-22 12:23,11312.57,11060.44, Dodaj do koszyka 
2025-01-22 17:11,11330.40,11077.91, Dodaj do koszyka 
2025-01-22 22:11,11337.93,11085.24, Dodaj do koszyka 
2025-01-23 12:23,11281.67,11030.15, Dodaj do koszyka 
2025-01-23 17:11,11277.86,11026.49, Dodaj do koszyka 
2025-01-23 22:11,11294.76,11043.02, Dodaj do koszyka 
2025-01-24 12:22,11307.08,11055.31, Dodaj do koszyka 
2025-01-24 17:10,11246.87,10996.37, Dodaj do koszyka 
2025-01-24 22:11,11268.91,11017.91, Dodaj do koszyka 
2025-01-25 12:20,11268.91,11017.91, Dodaj do koszyka 
2025-01-25 17:09,11268.91,11017.91, Dodaj do koszyka 
2025-01-25 22:11,11268.91,11017.91, Dodaj do koszyka 
2025-01-26 12:20,11268.91,11017.91, Dodaj do koszyka 
2025-01-26 17:10,11268.91,11017.91, Dodaj do koszyka 
2025-01-26 22:10,11268.91,11017.91, Dodaj do koszyka 
2025-01-27 12:23,11236.96,10986.60, Dodaj do koszyka 
2025-01-27 17:10,11118.64,10870.61, Dodaj do koszyka 
2025-01-27 22:11,11150.72,10902.05, Dodaj do koszyka 
2025-01-28 12:22,11229.96,10979.54, Dodaj do koszyka 
2025-01-28 17:10,11259.39,11008.48, Dodaj do koszyka 
2025-01-28 22:11,11282.73,11031.35, Dodaj do koszyka 
2025-01-29 12:22,11316.10,11063.92, Dodaj do koszyka 
2025-01-29 17:11,11254.01,11003.16, Dodaj do koszyka 
2025-01-29 22:11,11281.18,11029.79, Dodaj do koszyka 
2025-01-30 12:22,11381.00,11127.58, Dodaj do koszyka 
2025-01-30 17:10,11406.53,11152.67, Dodaj do koszyka 
2025-01-30 22:11,11454.60,11199.70, Dodaj do koszyka 
2025-01-31 12:22,11543.92,11287.15, Dodaj do koszyka 
2025-01-31 17:10,11497.74,11242.01, Dodaj do koszyka 
2025-01-31 22:11,11535.59,11278.93, Dodaj do koszyka 
2025-02-01 12:20,11535.59,11278.93, Dodaj do koszyka 
2025-02-01 17:10,11535.59,11278.93, Dodaj do koszyka 
2025-02-01 22:11,11535.59,11278.93, Dodaj do koszyka 
2025-02-02 12:19,11535.59,11278.93, Dodaj do koszyka 
2025-02-02 17:11,11535.59,11278.93, Dodaj do koszyka 
2025-02-02 22:10,11681.44,11421.54, Dodaj do koszyka 
2025-02-03 12:22,11699.77,11439.50, Dodaj do koszyka 
2025-02-03 17:11,11740.43,11479.40, Dodaj do koszyka 
2025-02-03 22:11,11667.06,11407.64, Dodaj do koszyka 
2025-02-04 12:23,11678.74,11419.11, Dodaj do koszyka 
2025-02-04 17:11,11680.82,11421.36, Dodaj do koszyka 
2025-02-04 22:11,11687.20,11427.61, Dodaj do koszyka 
2025-02-05 12:23,11708.01,11448.21, Dodaj do koszyka 
2025-02-05 17:10,11733.07,11472.78, Dodaj do koszyka 
2025-02-05 22:11,11727.07,11466.83, Dodaj do koszyka 
2025-02-06 12:23,11784.56,11523.05, Dodaj do koszyka 
2025-02-06 17:10,11660.89,11401.96, Dodaj do koszyka 
2025-02-06 22:11,11675.88,11416.68, Dodaj do koszyka 
2025-02-07 12:22,11720.52,11460.41, Dodaj do koszyka 
2025-02-07 17:11,11750.72,11489.90, Dodaj do koszyka 
2025-02-07 22:11,11774.27,11512.93, Dodaj do koszyka 
2025-02-08 12:20,11774.27,11512.93, Dodaj do koszyka 
2025-02-08 17:10,11774.27,11512.93, Dodaj do koszyka 
2025-02-08 22:10,11774.27,11512.93, Dodaj do koszyka 
2025-02-09 12:20,11774.27,11512.93, Dodaj do koszyka 
2025-02-09 17:09,11774.27,11512.93, Dodaj do koszyka 
2025-02-09 22:11,11820.30,11557.94, Dodaj do koszyka 
2025-02-10 12:23,11938.40,11673.87, Dodaj do koszyka 
2025-02-10 17:10,11921.72,11657.51, Dodaj do koszyka 
2025-02-10 22:11,11964.03,11698.94, Dodaj do koszyka 
2025-02-11 12:24,11885.21,11621.80, Dodaj do koszyka 
2025-02-11 17:11,11845.16,11582.63, Dodaj do koszyka 
2025-02-11 22:11,11823.65,11561.57, Dodaj do koszyka 
2025-02-12 12:23,11734.90,11474.64, Dodaj do koszyka 
2025-02-12 17:11,11781.81,11520.74, Dodaj do koszyka 
2025-02-12 22:11,11802.07,11540.53, Dodaj do koszyka 
2025-02-13 12:23,,,strona niedostępna
2025-02-13 17:09,,,strona niedostępna
2025-02-13 22:11,,,strona niedostępna
2025-02-14 12:23,11819.05,11557.41, Dodaj do koszyka 
2025-02-14 17:10,11617.95,11360.41, Dodaj do koszyka 
2025-02-14 22:11,11593.59,11336.47, Dodaj do koszyka 
2025-02-15 12:20,11593.59,11336.47, Dodaj do koszyka 
2025-02-15 17:10,11593.59,11336.47, Dodaj do koszyka 
2025-02-15 22:10,11593.59,11336.47, Dodaj do koszyka 
2025-02-16 12:23,11593.59,11336.47, Dodaj do koszyka 
2025-02-16 17:10,11593.59,11336.47, Dodaj do koszyka 
2025-02-16 22:10,11626.55,11368.70, Dodaj do koszyka 
2025-02-17 12:24,11642.09,11384.02, Dodaj do koszyka 
2025-02-17 17:10,11647.15,11389.00, Dodaj do koszyka 
2025-02-17 22:11,11657.21,11398.83, Dodaj do koszyka 
2025-02-18 12:24,11753.86,11493.48, Dodaj do koszyka 
2025-02-18 17:11,11802.79,11541.50, Dodaj do koszyka 
2025-02-18 22:11,11810.54,11549.11, Dodaj do koszyka 
2025-02-19 12:21,11900.92,11637.47, Dodaj do koszyka 
2025-02-19 17:11,11908.45,11644.79, Dodaj do koszyka 
2025-02-19 22:11,11906.12,11642.56, Dodaj do koszyka 
2025-02-20 12:24,11894.66,11631.50, Dodaj do koszyka 
2025-02-20 17:11,11851.73,11589.46, Dodaj do koszyka 
2025-02-20 22:11,11814.41,11552.93, Dodaj do koszyka 
2025-02-21 12:23,11829.37,11567.50, Dodaj do koszyka 
2025-02-21 17:11,11833.23,11571.32, Dodaj do koszyka 
2025-02-21 22:11,11839.43,11577.36, Dodaj do koszyka 
2025-02-22 12:20,11839.43,11577.36, Dodaj do koszyka 
2025-02-22 17:10,11839.43,11577.36, Dodaj do koszyka 
2025-02-22 22:10,11839.43,11577.36, Dodaj do koszyka 
2025-02-23 12:21,11839.43,11577.36, Dodaj do koszyka 
2025-02-23 17:10,11839.43,11577.36, Dodaj do koszyka 
2025-02-23 22:11,11838.84,11576.78, Dodaj do koszyka 
2025-02-24 12:24,11823.76,11562.14, Dodaj do koszyka 
2025-02-24 17:11,11782.94,11522.19, Dodaj do koszyka 
2025-02-24 22:11,11851.74,11589.56, Dodaj do koszyka 
2025-02-25 12:24,11750.28,11490.24, Dodaj do koszyka 
2025-02-25 17:14,11579.26,11322.57, Dodaj do koszyka 
2025-02-25 22:11,11634.57,11376.85, Dodaj do koszyka 
2025-02-26 12:24,11651.59,11393.48, Dodaj do koszyka 
2025-02-26 17:11,11604.22,11347.17, Dodaj do koszyka 
2025-02-26 22:12,11667.89,11409.44, Dodaj do koszyka 
2025-02-27 12:24,11523.93,11268.40, Dodaj do koszyka 
2025-02-27 17:11,11639.77,11381.57, Dodaj do koszyka 
2025-02-27 22:13,11674.07,11415.11, Dodaj do koszyka 
2025-02-28 12:24,11564.54,11307.88, Dodaj do koszyka 
2025-02-28 17:11,11516.01,11260.28, Dodaj do koszyka 
2025-02-28 22:11,11709.57,11449.64, Dodaj do koszyka 
2025-03-01 12:21,11709.57,11449.64, Dodaj do koszyka 
2025-03-01 17:10,11709.57,11449.64, Dodaj do koszyka 
2025-03-01 22:10,11709.57,11449.64, Dodaj do koszyka 
2025-03-02 12:21,11709.57,11449.64, Dodaj do koszyka 
2025-03-02 17:10,11709.57,11449.64, Dodaj do koszyka 
2025-03-02 22:12,11663.88,11404.96, Dodaj do koszyka 
2025-03-03 12:24,11614.81,11357.14, Dodaj do koszyka 
2025-03-03 17:11,11609.23,11351.85, Dodaj do koszyka 
2025-03-03 22:11,11626.48,11368.73, Dodaj do koszyka 
2025-03-04 12:24,11668.63,11410.20, Dodaj do koszyka 
2025-03-04 17:12,11716.53,11456.99, Dodaj do koszyka 
2025-03-04 22:11,11601.99,11345.01, Dodaj do koszyka 
2025-03-05 12:24,11455.27,11201.54, Dodaj do koszyka 
2025-03-05 17:11,11409.41,11156.74, Dodaj do koszyka 
2025-03-05 22:12,11392.37,11140.05, Dodaj do koszyka 
2025-03-06 12:25,11357.34,11105.66, Dodaj do koszyka 
2025-03-06 17:12,11393.81,11141.44, Dodaj do koszyka 
2025-03-06 22:12,11420.40,11167.39, Dodaj do koszyka 
2025-03-07 12:23,11385.86,11133.68, Dodaj do koszyka 
2025-03-07 17:11,11351.31,11099.86, Dodaj do koszyka 
2025-03-07 22:10,11349.51,11098.05, Dodaj do koszyka 
2025-03-08 12:17,11349.51,11098.05, Dodaj do koszyka 
2025-03-08 17:10,11349.51,11098.05, Dodaj do koszyka 
2025-03-08 22:09,11349.51,11098.05, Dodaj do koszyka 
2025-03-09 12:17,11349.51,11098.05, Dodaj do koszyka 
2025-03-09 17:09,11349.51,11098.05, Dodaj do koszyka 
2025-03-09 22:10,11354.22,11102.65, Dodaj do koszyka 
2025-03-10 12:25,11356.14,11104.47, Dodaj do koszyka 
2025-03-10 17:12,11359.08,11107.27, Dodaj do koszyka 
2025-03-10 22:12,11345.96,11094.39, Dodaj do koszyka 
2025-03-11 12:25,11332.50,11081.43, Dodaj do koszyka 
2025-03-11 17:12,11361.65,11110.00, Dodaj do koszyka 
2025-03-11 22:12,11372.00,11120.10, Dodaj do koszyka 
2025-03-12 12:25,11347.95,11096.56, Dodaj do koszyka 
2025-03-12 17:11,11435.47,11182.36, Dodaj do koszyka 
2025-03-12 22:12,11440.50,11187.25, Dodaj do koszyka 
2025-03-13 12:25,11546.42,11290.95, Dodaj do koszyka 
2025-03-13 17:10,11676.69,11362.36, Dodaj do koszyka 
2025-03-13 22:11,11735.41,11419.60, Dodaj do koszyka 
2025-03-14 12:24,11666.09,11352.24, Dodaj do koszyka 
2025-03-14 17:10,11687.87,11373.34, Dodaj do koszyka 
2025-03-14 22:11,11721.22,11405.76, Dodaj do koszyka 
2025-03-15 12:21,11721.22,11405.76, Dodaj do koszyka 
2025-03-15 17:10,11721.22,11405.76, Dodaj do koszyka 
2025-03-15 22:11,11721.22,11405.76, Dodaj do koszyka 
2025-03-16 12:21,11721.22,11405.76, Dodaj do koszyka 
2025-03-16 17:10,11721.22,11405.76, Dodaj do koszyka 
2025-03-16 22:11,11707.57,11392.47, Dodaj do koszyka 
2025-03-17 12:26,11685.92,11371.44, Dodaj do koszyka 
2025-03-17 17:12,11678.81,11364.60, Dodaj do koszyka 
2025-03-17 22:12,11704.81,11389.93, Dodaj do koszyka 
2025-03-18 12:25,11772.13,11455.57, Dodaj do koszyka 
2025-03-18 17:12,11772.13,11455.57, Dodaj do koszyka 
2025-03-18 22:12,11772.13,11455.57, Dodaj do koszyka 
2025-03-19 12:25,,,strona niedostępna
2025-03-19 17:12,,,strona niedostępna
2025-03-19 22:12,,,strona niedostępna
2025-03-20 12:24,,,strona niedostępna
2025-03-20 17:12,11953.21,11631.99, Dodaj do koszyka 
2025-03-20 22:11,11971.23,11649.58, Dodaj do koszyka 
2025-03-21 12:24,11943.71,11622.71, Dodaj do koszyka 
2025-03-21 17:11,11907.62,11587.42, Dodaj do koszyka 
2025-03-21 22:12,11950.88,11629.60, Dodaj do koszyka 
2025-03-22 12:22,11950.88,11629.60, Dodaj do koszyka 
2025-03-22 17:10,11950.88,11629.60, Dodaj do koszyka 
2025-03-22 22:11,11950.88,11629.60, Dodaj do koszyka 
2025-03-23 12:22,11950.88,11629.60, Dodaj do koszyka 
2025-03-23 17:10,11950.88,11629.60, Dodaj do koszyka 
2025-03-23 22:13,11939.20,11618.22, Dodaj do koszyka 
2025-03-24 12:26,,,strona niedostępna
2025-03-24 17:12,,,strona niedostępna
2025-03-24 22:12,,,strona niedostępna
2025-03-25 12:25,,,strona niedostępna
2025-03-25 17:12,,,strona niedostępna
2025-03-25 22:12,,,strona niedostępna
2025-03-26 12:25,,,strona niedostępna
2025-03-26 17:11,,,strona niedostępna
2025-03-26 22:12,,,strona niedostępna
2025-03-27 12:26,,,strona niedostępna
2025-03-27 17:11,,,strona niedostępna
2025-03-27 22:12,,,strona niedostępna
2025-03-28 12:24,,,strona niedostępna
2025-03-28 17:12,,,strona niedostępna
2025-03-28 22:12,,,strona niedostępna
2025-03-29 12:22,,,strona niedostępna
2025-03-29 17:10,,,strona niedostępna
2025-03-29 22:11,,,strona niedostępna
2025-03-30 12:22,,,strona niedostępna
2025-03-30 17:10,,,strona niedostępna
2025-03-30 22:11,,,strona niedostępna
2025-03-31 12:26,,,strona niedostępna
2025-03-31 17:11,,,strona niedostępna
2025-03-31 22:13,,,strona niedostępna
2025-04-01 12:27,,,strona niedostępna
2025-04-01 17:12,,,strona niedostępna
2025-04-01 22:12,,,strona niedostępna
2025-04-02 12:26,,,strona niedostępna
2025-04-02 17:11,,,strona niedostępna
2025-04-02 22:12,,,strona niedostępna
2025-04-03 12:26,,,strona niedostępna
2025-04-03 17:11,,,strona niedostępna
2025-04-03 22:12,,,strona niedostępna
2025-04-04 12:25,,,strona niedostępna
2025-04-04 17:11,,,strona niedostępna
2025-04-04 22:12,,,strona niedostępna
2025-04-05 12:22,,,strona niedostępna
2025-04-05 17:10,,,strona niedostępna
2025-04-05 22:11,,,strona niedostępna
2025-04-06 12:22,,,strona niedostępna
2025-04-06 17:10,,,strona niedostępna
2025-04-06 22:11,,,strona niedostępna
2025-04-07 12:27,,,strona niedostępna
2025-04-07 17:12,,,strona niedostępna
2025-04-07 22:12,,,strona niedostępna
2025-04-08 12:26,,,strona niedostępna
2025-04-08 17:11,,,strona niedostępna
2025-04-08 22:12,,,strona niedostępna
2025-04-09 12:26,,,strona niedostępna
2025-04-09 17:12,,,strona niedostępna
2025-04-09 22:12,,,strona niedostępna
2025-04-10 12:26,,,strona niedostępna
2025-04-10 17:12,,,strona niedostępna
2025-04-10 22:12,,,strona niedostępna
2025-04-11 12:26,,,strona niedostępna
2025-04-11 17:11,,,strona niedostępna
2025-04-11 22:12,,,strona niedostępna
2025-04-12 12:22,,,strona niedostępna
2025-04-12 17:11,,,strona niedostępna
2025-04-12 22:11,,,strona niedostępna
2025-04-13 12:23,,,strona niedostępna
2025-04-13 17:10,,,strona niedostępna
2025-04-13 22:11,,,strona niedostępna
2025-04-14 12:26,,,strona niedostępna
2025-04-14 17:12,,,strona niedostępna
2025-04-14 22:12,,,strona niedostępna
2025-04-15 12:26,,,strona niedostępna
2025-04-15 17:12,,,strona niedostępna
2025-04-15 22:13,,,strona niedostępna
2025-04-16 12:26,,,strona niedostępna
2025-04-16 17:12,,,strona niedostępna
2025-04-16 22:12,,,strona niedostępna
2025-04-17 12:26,,,strona niedostępna
2025-04-17 17:11,,,strona niedostępna
2025-04-17 22:12,,,strona niedostępna
2025-04-18 12:25,,,strona niedostępna
2025-04-18 17:11,,,strona niedostępna
2025-04-18 22:12,,,strona niedostępna
2025-04-19 12:22,,,strona niedostępna
2025-04-19 17:11,,,strona niedostępna
2025-04-19 22:11,,,strona niedostępna
2025-04-20 12:22,,,strona niedostępna
2025-04-20 17:11,,,strona niedostępna
2025-04-20 22:11,,,strona niedostępna
2025-04-21 12:25,,,strona niedostępna
2025-04-21 17:11,,,strona niedostępna
2025-04-21 22:13,,,strona niedostępna
2025-04-22 12:26,,,strona niedostępna
2025-04-22 17:12,,,strona niedostępna
2025-04-22 22:12,,,strona niedostępna
2025-04-23 12:26,,,strona niedostępna
2025-04-23 17:12,,,strona niedostępna
2025-04-23 22:13,,,strona niedostępna
2025-04-24 12:27,,,strona niedostępna
2025-04-24 17:11,,,strona niedostępna
2025-04-24 22:12,,,strona niedostępna
2025-04-25 12:26,,,strona niedostępna
2025-04-25 17:11,,,strona niedostępna
2025-04-25 22:12,,,strona niedostępna
2025-04-26 12:23,,,strona niedostępna
2025-04-26 17:10,,,strona niedostępna
2025-04-26 22:11,,,strona niedostępna
2025-04-27 12:23,,,strona niedostępna
2025-04-27 17:12,,,strona niedostępna
2025-04-27 22:11,,,strona niedostępna
2025-04-28 12:26,,,strona niedostępna
2025-04-28 17:12,,,strona niedostępna
2025-04-28 22:13,,,strona niedostępna
2025-04-29 12:28,,,strona niedostępna
2025-04-29 17:12,,,strona niedostępna
2025-04-29 22:12,,,strona niedostępna
2025-04-30 12:26,,,strona niedostępna
2025-04-30 17:11,,,strona niedostępna
2025-04-30 22:12,,,strona niedostępna
2025-05-01 12:25,,,strona niedostępna
2025-05-01 17:12,,,strona niedostępna
2025-05-01 22:12,,,strona niedostępna
2025-05-02 12:26,,,strona niedostępna
2025-05-02 17:12,,,strona niedostępna
2025-05-02 22:12,,,strona niedostępna
2025-05-03 12:23,,,strona niedostępna
2025-05-03 17:10,,,strona niedostępna
2025-05-03 22:11,,,strona niedostępna
2025-05-04 12:24,,,strona niedostępna
2025-05-04 17:10,,,strona niedostępna
2025-05-04 22:12,,,strona niedostępna
2025-05-05 12:27,,,strona niedostępna
2025-05-05 17:12,,,strona niedostępna
2025-05-05 22:13,,,strona niedostępna
2025-05-06 12:28,,,strona niedostępna
2025-05-06 17:12,,,strona niedostępna
2025-05-06 22:12,,,strona niedostępna
2025-05-07 12:28,,,strona niedostępna
2025-05-07 17:12,,,strona niedostępna
2025-05-07 22:13,,,strona niedostępna
2025-05-08 12:27,,,strona niedostępna
2025-05-08 17:11,,,strona niedostępna
2025-05-08 22:12,,,strona niedostępna
2025-05-09 12:26,,,strona niedostępna
2025-05-09 17:12,,,strona niedostępna
2025-05-09 22:12,,,strona niedostępna
2025-05-10 12:23,,,strona niedostępna
2025-05-10 17:10,,,strona niedostępna
2025-05-10 22:11,,,strona niedostępna
2025-05-11 12:24,,,strona niedostępna
2025-05-11 17:10,,,strona niedostępna
2025-05-11 22:12,,,strona niedostępna
2025-05-12 12:28,,,strona niedostępna
2025-05-12 17:12,,,strona niedostępna
2025-05-12 22:13,,,strona niedostępna
2025-05-13 12:28,,,strona niedostępna
2025-05-13 17:12,,,strona niedostępna
2025-05-13 22:13,,,strona niedostępna
2025-05-14 12:27,,,strona niedostępna
2025-05-14 17:12,,,strona niedostępna
2025-05-14 22:11,,,strona niedostępna
2025-05-15 12:27,,,strona niedostępna
2025-05-15 17:12,,,strona niedostępna
2025-05-15 22:12,,,strona niedostępna
2025-05-16 12:27,,,strona niedostępna
2025-05-16 17:11,,,strona niedostępna
2025-05-16 22:12,,,strona niedostępna
2025-05-17 12:24,,,strona niedostępna
2025-05-17 17:11,,,strona niedostępna
2025-05-17 22:11,,,strona niedostępna
2025-05-18 12:24,,,strona niedostępna
2025-05-18 17:10,,,strona niedostępna
2025-05-18 22:12,,,strona niedostępna
2025-05-19 12:28,,,strona niedostępna
2025-05-19 17:12,,,strona niedostępna
2025-05-19 22:13,,,strona niedostępna
2025-05-20 12:28,,,strona niedostępna
2025-05-20 17:12,,,strona niedostępna
2025-05-20 22:12,,,strona niedostępna
2025-05-21 12:27,,,strona niedostępna
2025-05-21 17:12,,,strona niedostępna
2025-05-21 22:13,,,strona niedostępna
2025-05-22 12:28,,,strona niedostępna
2025-05-22 17:12,,,strona niedostępna
2025-05-22 22:13,,,strona niedostępna
2025-05-23 12:27,,,strona niedostępna
2025-05-23 17:12,,,strona niedostępna
2025-05-23 22:13,,,strona niedostępna
2025-05-24 12:24,,,strona niedostępna
2025-05-24 17:10,,,strona niedostępna
2025-05-24 22:12,,,strona niedostępna
2025-05-25 12:24,,,strona niedostępna
2025-05-25 17:10,,,strona niedostępna
2025-05-25 22:12,,,strona niedostępna
2025-05-26 12:27,,,strona niedostępna
2025-05-26 17:11,,,strona niedostępna
2025-05-26 22:12,,,strona niedostępna
2025-05-27 12:28,,,strona niedostępna
2025-05-27 17:12,,,strona niedostępna
2025-05-27 22:13,,,strona niedostępna
2025-05-28 12:28,,,strona niedostępna
2025-05-28 17:12,,,strona niedostępna
2025-05-28 22:13,,,strona niedostępna
2025-05-29 12:27,,,strona niedostępna
2025-05-29 17:12,,,strona niedostępna
2025-05-29 22:13,,,strona niedostępna
2025-05-30 12:27,,,strona niedostępna
2025-05-30 17:12,,,strona niedostępna
2025-05-30 22:12,,,strona niedostępna
2025-05-31 12:24,,,strona niedostępna
2025-05-31 17:11,,,strona niedostępna
2025-05-31 22:12,,,strona niedostępna
2025-06-01 12:25,,,strona niedostępna
2025-06-01 17:11,,,strona niedostępna
2025-06-01 22:12,,,strona niedostępna
2025-06-02 12:28,,,strona niedostępna
2025-06-02 17:13,,,strona niedostępna
2025-06-02 22:13,,,strona niedostępna
2025-06-03 12:28,,,strona niedostępna
2025-06-03 17:13,,,strona niedostępna
2025-06-03 22:13,,,strona niedostępna
2025-06-04 12:28,,,strona niedostępna
2025-06-04 17:13,,,strona niedostępna
2025-06-04 22:12,,,strona niedostępna
2025-06-05 12:28,,,strona niedostępna
2025-06-05 17:10,,,strona niedostępna
2025-06-05 22:12,,,strona niedostępna
2025-06-06 12:27,,,strona niedostępna
2025-06-06 17:13,,,strona niedostępna
2025-06-06 22:13,,,strona niedostępna
2025-06-07 12:25,,,strona niedostępna
2025-06-07 17:11,,,strona niedostępna
2025-06-07 22:12,,,strona niedostępna
2025-06-08 12:25,,,strona niedostępna
2025-06-08 17:11,,,strona niedostępna
2025-06-08 22:12,,,strona niedostępna
2025-06-09 12:28,,,strona niedostępna
2025-06-09 17:12,,,strona niedostępna
2025-06-09 22:13,,,strona niedostępna
2025-06-10 12:29,,,strona niedostępna
2025-06-10 17:12,,,strona niedostępna
2025-06-10 22:13,,,strona niedostępna
2025-06-11 12:28,,,strona niedostępna
2025-06-11 17:12,,,strona niedostępna
2025-06-11 22:13,,,strona niedostępna
2025-06-12 12:28,,,strona niedostępna
2025-06-12 17:13,,,strona niedostępna
2025-06-12 22:13,,,strona niedostępna
2025-06-13 12:28,,,strona niedostępna
2025-06-13 17:12,,,strona niedostępna
2025-06-13 22:13,,,strona niedostępna
2025-06-14 12:25,,,strona niedostępna
2025-06-14 17:11,,,strona niedostępna
2025-06-14 22:12,,,strona niedostępna
2025-06-15 12:25,,,strona niedostępna
2025-06-15 17:11,,,strona niedostępna
2025-06-15 22:12,,,strona niedostępna
2025-06-16 12:29,,,strona niedostępna
2025-06-16 17:13,,,strona niedostępna
2025-06-16 22:13,,,strona niedostępna
2025-06-17 12:29,,,strona niedostępna
2025-06-17 17:13,,,strona niedostępna
2025-06-17 22:13,,,strona niedostępna
2025-06-18 12:29,,,strona niedostępna
2025-06-18 17:14,,,strona niedostępna
2025-06-18 22:13,,,strona niedostępna
2025-06-19 12:28,,,strona niedostępna
2025-06-19 17:12,,,strona niedostępna
2025-06-19 22:13,,,strona niedostępna
2025-06-20 12:28,,,strona niedostępna
2025-06-20 17:12,,,strona niedostępna
2025-06-20 22:13,,,strona niedostępna
2025-06-21 12:25,,,strona niedostępna
2025-06-21 17:11,,,strona niedostępna
2025-06-21 22:12,,,strona niedostępna
2025-06-22 12:25,,,strona niedostępna
2025-06-22 17:11,,,strona niedostępna
2025-06-22 22:12,,,strona niedostępna
2025-06-23 12:29,,,strona niedostępna
2025-06-23 17:13,,,strona niedostępna
2025-06-23 22:13,,,strona niedostępna
2025-06-24 12:29,,,strona niedostępna
2025-06-24 17:14,,,strona niedostępna
2025-06-24 22:13,,,strona niedostępna
2025-06-25 12:29,,,strona niedostępna
2025-06-25 17:13,,,strona niedostępna
2025-06-25 22:13,,,strona niedostępna
2025-06-26 12:28,,,strona niedostępna
2025-06-26 17:13,,,strona niedostępna
2025-06-26 22:13,,,strona niedostępna
2025-06-27 12:28,,,strona niedostępna
2025-06-27 17:12,,,strona niedostępna
2025-06-27 22:14,,,strona niedostępna
2025-06-28 12:25,,,strona niedostępna
2025-06-28 17:11,,,strona niedostępna
2025-06-28 22:12,,,strona niedostępna
2025-06-29 12:26,,,strona niedostępna
2025-06-29 17:11,,,strona niedostępna
2025-06-29 22:12,,,strona niedostępna
2025-06-30 12:28,,,strona niedostępna
2025-06-30 17:12,,,strona niedostępna
2025-06-30 22:13,,,strona niedostępna
2025-07-01 12:28,,,strona niedostępna
2025-07-01 17:13,,,strona niedostępna
2025-07-01 22:13,,,strona niedostępna
2025-07-02 12:28,,,strona niedostępna
2025-07-02 17:13,,,strona niedostępna
2025-07-02 22:13,,,strona niedostępna
2025-07-03 12:28,,,strona niedostępna
2025-07-03 17:14,,,strona niedostępna
2025-07-03 22:13,,,strona niedostępna
2025-07-04 12:28,,,strona niedostępna
2025-07-04 17:12,,,strona niedostępna
2025-07-04 22:13,,,strona niedostępna
2025-07-05 12:25,,,strona niedostępna
2025-07-05 17:12,,,strona niedostępna
2025-07-05 22:12,,,strona niedostępna
2025-07-06 12:26,,,strona niedostępna
2025-07-06 17:11,,,strona niedostępna
2025-07-06 22:13,,,strona niedostępna
2025-07-07 12:28,,,strona niedostępna
2025-07-07 17:13,,,strona niedostępna
2025-07-07 22:14,,,strona niedostępna
2025-07-08 12:29,,,strona niedostępna
2025-07-08 17:13,,,strona niedostępna
2025-07-08 22:13,,,strona niedostępna
2025-07-09 12:29,,,strona niedostępna
2025-07-09 17:14,,,strona niedostępna
2025-07-09 22:14,,,strona niedostępna
2025-07-10 12:29,,,strona niedostępna
2025-07-10 17:15,,,strona niedostępna
2025-07-10 22:13,,,strona niedostępna
2025-07-11 12:28,,,strona niedostępna
2025-07-11 17:13,,,strona niedostępna
2025-07-11 22:13,,,strona niedostępna
2025-07-12 12:26,,,strona niedostępna
2025-07-12 17:11,,,strona niedostępna
2025-07-12 22:13,,,strona niedostępna
2025-07-13 12:27,,,strona niedostępna
2025-07-13 17:11,,,strona niedostępna
2025-07-13 22:13,,,strona niedostępna
2025-07-14 12:30,,,strona niedostępna
2025-07-14 17:14,,,strona niedostępna
2025-07-14 22:14,,,strona niedostępna
2025-07-15 12:30,,,strona niedostępna
2025-07-15 17:13,,,strona niedostępna
2025-07-15 22:14,,,strona niedostępna
2025-07-16 12:30,,,strona niedostępna
2025-07-16 17:16,,,strona niedostępna
2025-07-16 22:14,,,strona niedostępna
2025-07-17 12:30,,,strona niedostępna
2025-07-17 17:14,,,strona niedostępna
2025-07-17 22:14,,,strona niedostępna
2025-07-18 12:30,,,strona niedostępna
2025-07-18 17:16,,,strona niedostępna
2025-07-18 22:14,,,strona niedostępna
2025-07-19 12:27,,,strona niedostępna
2025-07-19 17:13,,,strona niedostępna
2025-07-19 22:13,,,strona niedostępna
2025-07-20 12:27,,,strona niedostępna
2025-07-20 17:12,,,strona niedostępna
2025-07-20 22:13,,,strona niedostępna
2025-07-21 12:31,,,strona niedostępna
2025-07-21 17:15,,,strona niedostępna
2025-07-21 22:15,,,strona niedostępna
2025-07-22 12:30,,,strona niedostępna
2025-07-22 17:15,,,strona niedostępna
2025-07-22 22:14,,,strona niedostępna
2025-07-23 12:31,,,strona niedostępna
2025-07-23 17:16,,,strona niedostępna
2025-07-23 22:14,,,strona niedostępna
2025-07-24 12:31,,,strona niedostępna
2025-07-24 17:14,,,strona niedostępna
2025-07-24 22:14,,,strona niedostępna
2025-07-25 12:29,,,strona niedostępna
2025-07-25 17:15,,,strona niedostępna
2025-07-25 22:13,,,strona niedostępna
2025-07-26 12:27,,,strona niedostępna
2025-07-26 17:13,,,strona niedostępna
2025-07-26 22:13,,,strona niedostępna
2025-07-27 12:28,,,strona niedostępna
2025-07-27 17:12,,,strona niedostępna
2025-07-27 22:13,,,strona niedostępna
2025-07-28 12:31,,,strona niedostępna
2025-07-28 17:17,,,strona niedostępna
2025-07-28 22:14,,,strona niedostępna
2025-07-29 12:31,,,strona niedostępna
2025-07-29 17:17,,,strona niedostępna
2025-07-29 22:14,,,strona niedostępna
2025-07-30 12:31,,,strona niedostępna
2025-07-30 17:15,,,strona niedostępna
2025-07-30 22:14,,,strona niedostępna
2025-07-31 12:30,,,strona niedostępna
2025-07-31 17:16,,,strona niedostępna
2025-07-31 22:14,,,strona niedostępna
2025-08-01 12:30,,,strona niedostępna
2025-08-01 17:16,,,strona niedostępna
2025-08-01 22:14,,,strona niedostępna
2025-08-02 12:28,,,strona niedostępna
2025-08-02 17:12,,,strona niedostępna
2025-08-02 22:13,,,strona niedostępna
2025-08-03 12:28,,,strona niedostępna
2025-08-03 17:13,,,strona niedostępna
2025-08-03 22:14,,,strona niedostępna
2025-08-04 12:33,,,strona niedostępna
2025-08-04 17:19,,,strona niedostępna
2025-08-04 22:15,,,strona niedostępna
2025-08-05 12:32,,,strona niedostępna
2025-08-05 17:14,,,strona niedostępna
2025-08-05 22:15,,,strona niedostępna
2025-08-06 12:32,,,strona niedostępna
2025-08-06 17:17,,,strona niedostępna
2025-08-06 22:15,,,strona niedostępna
2025-08-07 12:32,,,strona niedostępna
2025-08-07 17:16,,,strona niedostępna
2025-08-07 22:15,,,strona niedostępna
2025-08-08 12:31,,,strona niedostępna
2025-08-08 17:11,,,strona niedostępna
2025-08-08 22:13,,,strona niedostępna
2025-08-09 12:27,,,strona niedostępna
2025-08-09 17:11,,,strona niedostępna
2025-08-09 22:13,,,strona niedostępna
2025-08-10 12:27,,,strona niedostępna
2025-08-10 17:11,,,strona niedostępna
2025-08-10 22:13,,,strona niedostępna
2025-08-11 12:31,,,strona niedostępna
2025-08-11 17:15,,,strona niedostępna
2025-08-11 22:13,,,strona niedostępna
2025-08-12 12:29,,,strona niedostępna
2025-08-12 17:14,,,strona niedostępna
2025-08-12 22:13,,,strona niedostępna
2025-08-13 12:30,,,strona niedostępna
2025-08-13 17:11,,,strona niedostępna
2025-08-13 22:14,,,strona niedostępna
2025-08-14 12:30,,,strona niedostępna
2025-08-14 17:13,,,strona niedostępna
2025-08-14 22:13,,,strona niedostępna
2025-08-15 12:28,,,strona niedostępna
2025-08-15 17:12,,,strona niedostępna
2025-08-15 22:13,,,strona niedostępna
2025-08-16 12:26,,,strona niedostępna
2025-08-16 17:11,,,strona niedostępna
2025-08-16 22:12,,,strona niedostępna
2025-08-17 12:27,,,strona niedostępna
2025-08-17 17:12,,,strona niedostępna
2025-08-17 22:13,,,strona niedostępna
2025-08-18 12:30,,,strona niedostępna
2025-08-18 17:14,,,strona niedostępna
2025-08-18 22:12,,,strona niedostępna
2025-08-19 12:28,,,strona niedostępna
2025-08-19 17:12,,,strona niedostępna
2025-08-19 22:13,,,strona niedostępna
2025-08-20 12:28,,,strona niedostępna
2025-08-20 17:12,,,strona niedostępna
2025-08-20 22:12,,,strona niedostępna
2025-08-21 12:28,,,strona niedostępna
2025-08-21 22:13,,,strona niedostępna
2025-08-22 12:27,,,strona niedostępna
2025-08-22 17:12,,,strona niedostępna
2025-08-22 22:12,,,strona niedostępna
2025-08-23 12:24,,,strona niedostępna
2025-08-23 17:10,,,strona niedostępna
2025-08-23 22:12,,,strona niedostępna
2025-08-24 12:25,,,strona niedostępna
2025-08-24 17:11,,,strona niedostępna
2025-08-24 22:12,,,strona niedostępna
2025-08-25 12:28,,,strona niedostępna
2025-08-25 17:11,,,strona niedostępna
2025-08-25 22:13,,,strona niedostępna
2025-08-26 12:29,,,strona niedostępna
2025-08-26 17:12,,,strona niedostępna
2025-08-26 22:12,,,strona niedostępna
2025-08-27 12:28,,,strona niedostępna
2025-08-27 17:12,,,strona niedostępna
2025-08-27 22:12,,,strona niedostępna
2025-08-28 12:27,,,strona niedostępna
2025-08-28 17:11,,,strona niedostępna
2025-08-28 22:12,,,strona niedostępna
2025-08-29 12:27,,,strona niedostępna
2025-08-29 17:11,,,strona niedostępna
2025-08-29 22:12,,,strona niedostępna
2025-08-30 12:24,,,strona niedostępna
2025-08-30 17:10,,,strona niedostępna
2025-08-30 22:11,,,strona niedostępna
2025-08-31 12:24,,,strona niedostępna
2025-08-31 17:10,,,strona niedostępna
2025-08-31 22:12,,,strona niedostępna
2025-09-01 12:28,,,strona niedostępna
2025-09-01 17:11,,,strona niedostępna
2025-09-01 22:12,,,strona niedostępna
2025-09-02 12:28,,,strona niedostępna
2025-09-02 17:11,,,strona niedostępna
2025-09-02 22:10,,,strona niedostępna
2025-09-03 12:26,,,strona niedostępna
2025-09-03 17:11,,,strona niedostępna
2025-09-03 22:11,,,strona niedostępna
2025-09-04 12:27,,,strona niedostępna
2025-09-04 17:11,,,strona niedostępna
2025-09-04 22:12,,,strona niedostępna
2025-09-05 12:26,,,strona niedostępna
2025-09-05 17:11,,,strona niedostępna
2025-09-05 22:12,,,strona niedostępna
2025-09-06 12:23,,,strona niedostępna
2025-09-06 17:09,,,strona niedostępna
2025-09-06 22:11,,,strona niedostępna
2025-09-07 12:23,,,strona niedostępna
2025-09-07 17:09,,,strona niedostępna
2025-09-07 22:11,,,strona niedostępna
2025-09-08 12:28,,,strona niedostępna
2025-09-08 17:11,,,strona niedostępna
2025-09-08 22:12,,,strona niedostępna
2025-09-09 12:29,,,strona niedostępna
2025-09-09 17:11,,,strona niedostępna
2025-09-09 22:10,,,strona niedostępna
2025-09-10 12:26,,,strona niedostępna
2025-09-10 17:11,,,strona niedostępna
2025-09-10 22:12,,,strona niedostępna
2025-09-11 12:26,,,strona niedostępna
2025-09-11 17:10,,,strona niedostępna
2025-09-11 22:12,,,strona niedostępna
2025-09-12 12:26,,,strona niedostępna
2025-09-12 17:11,,,strona niedostępna
2025-09-12 22:11,,,strona niedostępna
2025-09-13 12:23,,,strona niedostępna
2025-09-13 17:09,,,strona niedostępna
2025-09-13 22:10,,,strona niedostępna
2025-09-14 12:23,,,strona niedostępna
2025-09-14 17:09,,,strona niedostępna
2025-09-14 22:11,,,strona niedostępna
2025-09-15 12:27,,,strona niedostępna
2025-09-15 17:11,,,strona niedostępna
2025-09-15 22:11,,,strona niedostępna
2025-09-16 12:27,,,strona niedostępna
2025-09-16 17:11,,,strona niedostępna
2025-09-16 22:11,,,strona niedostępna
2025-09-17 12:27,,,strona niedostępna
2025-09-17 17:11,,,strona niedostępna
2025-09-17 22:12,,,strona niedostępna
2025-09-18 12:26,,,strona niedostępna
2025-09-18 17:11,,,strona niedostępna
2025-09-18 22:11,,,strona niedostępna
2025-09-19 12:27,,,strona niedostępna
2025-09-19 17:11,,,strona niedostępna
2025-09-19 22:12,,,strona niedostępna
2025-09-20 12:24,,,strona niedostępna
2025-09-20 17:09,,,strona niedostępna
2025-09-20 22:10,,,strona niedostępna
2025-09-21 12:24,,,strona niedostępna
2025-09-21 17:10,,,strona niedostępna
2025-09-21 22:11,,,strona niedostępna
2025-09-22 12:27,,,strona niedostępna
2025-09-22 17:11,,,strona niedostępna
2025-09-22 22:12,,,strona niedostępna
2025-09-23 12:27,,,strona niedostępna
2025-09-23 17:10,,,strona niedostępna
2025-09-23 22:12,,,strona niedostępna
2025-09-24 12:27,,,strona niedostępna
2025-09-24 17:12,,,strona niedostępna
2025-09-24 22:12,,,strona niedostępna
2025-09-25 12:29,,,strona niedostępna
2025-09-25 17:11,,,strona niedostępna
2025-09-25 22:10,,,strona niedostępna
2025-09-26 12:27,,,strona niedostępna
2025-09-26 17:11,,,strona niedostępna
2025-09-26 22:11,,,strona niedostępna
2025-09-27 12:23,,,strona niedostępna
2025-09-27 17:09,,,strona niedostępna
2025-09-27 22:11,,,strona niedostępna
2025-09-28 12:24,,,strona niedostępna
2025-09-28 17:10,,,strona niedostępna
2025-09-28 22:11,,,strona niedostępna
2025-09-29 12:28,,,strona niedostępna
2025-09-29 17:12,,,strona niedostępna
2025-09-29 22:12,,,strona niedostępna
2025-09-30 12:28,,,strona niedostępna
2025-09-30 17:11,,,strona niedostępna
2025-09-30 22:12,,,strona niedostępna
2025-10-01 12:29,,,strona niedostępna
2025-10-01 17:12,,,strona niedostępna
2025-10-01 22:12,,,strona niedostępna
2025-10-02 12:26,,,strona niedostępna
2025-10-02 17:10,,,strona niedostępna
2025-10-02 22:11,,,strona niedostępna
2025-10-03 12:26,,,strona niedostępna
2025-10-03 17:11,,,strona niedostępna
2025-10-03 22:11,,,strona niedostępna
2025-10-04 12:23,,,strona niedostępna
2025-10-04 17:10,,,strona niedostępna
2025-10-04 22:11,,,strona niedostępna
2025-10-05 12:23,,,strona niedostępna
2025-10-05 17:10,,,strona niedostępna
2025-10-05 22:11,,,strona niedostępna
2025-10-06 12:28,,,strona niedostępna
2025-10-06 17:12,,,strona niedostępna
2025-10-06 22:11,,,strona niedostępna
2025-10-07 12:28,,,strona niedostępna
2025-10-07 17:11,,,strona niedostępna
2025-10-07 22:12,,,strona niedostępna
2025-10-08 12:28,,,strona niedostępna
2025-10-08 17:12,,,strona niedostępna
2025-10-08 22:12,,,strona niedostępna
2025-10-09 12:27,,,strona niedostępna
2025-10-09 17:12,,,strona niedostępna
2025-10-09 22:12,,,strona niedostępna
2025-10-10 12:28,,,strona niedostępna
2025-10-10 17:12,,,strona niedostępna
2025-10-10 22:11,,,strona niedostępna
2025-10-11 12:23,,,strona niedostępna
2025-10-11 17:10,,,strona niedostępna
2025-10-11 22:11,,,strona niedostępna
2025-10-12 12:24,,,strona niedostępna
2025-10-12 17:10,,,strona niedostępna
2025-10-12 22:11,,,strona niedostępna
2025-10-13 12:28,,,strona niedostępna
2025-10-13 17:12,,,strona niedostępna
2025-10-13 22:12,,,strona niedostępna
2025-10-14 12:29,,,strona niedostępna
2025-10-14 17:12,,,strona niedostępna
2025-10-14 22:12,,,strona niedostępna
2025-10-15 12:29,,,strona niedostępna
2025-10-15 17:12,,,strona niedostępna
2025-10-15 22:11,,,strona niedostępna
2025-10-16 12:29,,,strona niedostępna
2025-10-16 17:12,,,strona niedostępna
2025-10-16 22:10,,,strona niedostępna
2025-10-17 12:28,,,strona niedostępna
2025-10-17 17:11,,,strona niedostępna
2025-10-17 22:12,,,strona niedostępna
2025-10-18 12:24,,,strona niedostępna
2025-10-18 17:10,,,strona niedostępna
2025-10-18 22:11,,,strona niedostępna
2025-10-19 12:24,,,strona niedostępna
2025-10-19 17:10,,,strona niedostępna
2025-10-19 22:12,,,strona niedostępna
2025-10-20 12:29,,,strona niedostępna
2025-10-20 17:12,,,strona niedostępna
2025-10-20 22:12,,,strona niedostępna
2025-10-21 12:29,,,strona niedostępna
2025-10-21 17:13,,,strona niedostępna
2025-10-21 22:12,,,strona niedostępna
2025-10-22 12:29,,,strona niedostępna
2025-10-22 17:12,,,strona niedostępna
2025-10-22 22:11,,,strona niedostępna
2025-10-23 12:29,,,strona niedostępna
2025-10-23 17:12,,,strona niedostępna
2025-10-23 22:12,,,strona niedostępna
2025-10-24 12:29,,,strona niedostępna
2025-10-24 17:12,,,strona niedostępna
2025-10-24 22:12,,,strona niedostępna
2025-10-25 12:24,,,strona niedostępna
2025-10-25 17:11,,,strona niedostępna
2025-10-25 22:11,,,strona niedostępna
2025-10-26 12:25,,,strona niedostępna
2025-10-26 17:11,,,strona niedostępna
2025-10-26 22:12,,,strona niedostępna
2025-10-27 12:29,,,strona niedostępna
2025-10-27 17:12,,,strona niedostępna
2025-10-27 22:12,,,strona niedostępna
2025-10-28 12:28,,,strona niedostępna
2025-10-28 17:13,,,strona niedostępna
2025-10-28 22:13,,,strona niedostępna
2025-10-29 12:29,,,strona niedostępna
2025-10-29 17:13,,,strona niedostępna
2025-10-29 22:13,,,strona niedostępna
2025-10-30 12:29,,,strona niedostępna
